<?xml version="1.0" encoding="UTF-8"?>
<project-private xmlns="http://www.netbeans.org/ns/project-private/1">
    <editor-bookmarks xmlns="http://www.netbeans.org/ns/editor-bookmarks/2" lastBookmarkId="0"/>
    <open-files xmlns="http://www.netbeans.org/ns/projectui-open-files/2">
        <group>
            <file>file:/C:/Users/Rafael/Desktop/QQSM_Intento2/web/jugarQQSM.xhtml</file>
            <file>file:/C:/Users/Rafael/Desktop/QQSM_Intento2/src/java/Modelo/Pregunta.java</file>
            <file>file:/C:/Users/Rafael/Desktop/QQSM_Intento2/web/welcomePrimefaces.xhtml</file>
            <file>file:/C:/Users/Rafael/Desktop/QQSM_Intento2/src/java/bean/JuegoBean.java</file>
            <file>file:/C:/Users/Rafael/Desktop/QQSM_Intento2/web/agregarPregunta.xhtml</file>
            <file>file:/C:/Users/Rafael/Desktop/QQSM_Intento2/web/index.xhtml</file>
        </group>
    </open-files>
</project-private>
